center,url
4丁目ブラザ,No a tag found
さっぽろ地下街オーロラタウン・ポールタウン,/url?q=https://www.sapporo-chikagai.jp/floorguide/&sa=U&ved=2ahUKEwjemNPYmqf_AhXWp1YBHfFvBq4QFnoECAsQAg&usg=AOvVaw2pBGgw7tsBzbAcYytRTSfo
札幌PARCO,/url?q=https://sapporo.parco.jp/&sa=U&ved=2ahUKEwj7pcTZmqf_AhXdg1YBHRT1ApIQFnoECAEQAg&usg=AOvVaw3JBT8dWYOi9gSPh-IV2qWR
エスタ,/url?q=https://jp.usembassy.gov/ja/visas-ja/esta-information-ja/&sa=U&ved=2ahUKEwif_bfamqf_AhVbmVYBHQ98DDUQFnoECAkQAg&usg=AOvVaw0EphkvkEqD8MSYBp6bW1xg
サッポロファクトリー,/url?q=https://sapporofactory.jp/&sa=U&ved=2ahUKEwj_yKjbmqf_AhUDG4gKHYB4A9YQFnoECAMQAg&usg=AOvVaw1huxIXmGbwNZaTEdMO6n6j
ピヴォ,No a tag found
アピア,/url?q=https://www.apa.gr.jp/&sa=U&ved=2ahUKEwjPr-7cmqf_AhWysVYBHWe2D8QQFnoECAcQAg&usg=AOvVaw0xJ8wylee7TpGd-bKuaCzD
東光ストア円山店,No a tag found
IKEUCHI,No a tag found
イオン札幌茎園ショッピングセンター,No a tag found
和札幌ステラブレイス、大丸札幌店,/url?q=https://www.daimaru.co.jp/sapporo/floor/&sa=U&ved=2ahUKEwjA3r_gmqf_AhX4p1YBHbKNAZoQFnoECAsQAg&usg=AOvVaw2Bk9kqT47wOG14do4XM8ez
nORBESA(ノルベサ),/url?q=https://www.norbesa.jp/&sa=U&ved=2ahUKEwj4s7Hhmqf_AhUAsFYBHb_7CAIQFnoECAkQAg&usg=AOvVaw3Cn0LjuQUURrhFpf1OJvC5
maruyama,/url?q=https://www.maruyama.co.jp/&sa=U&ved=2ahUKEwidgJjimqf_AhWumVYBHcnJCW8QFnoECAAQAg&usg=AOvVaw3nDXEam9bekBSJW1x9BxCd
ODORI,/url?q=https://odori.kitchen/&sa=U&ved=2ahUKEwjlt4Ljmqf_AhVdgVYBHSTDC2MQFnoECAQQAg&usg=AOvVaw0PrtDgd46diHuJBzedu1Rb
